{"cameraMode":{"drawMode":0,"name":"Shaded","section":"Shading Mode"},"sceneLighting":false,"audioPlay":false,"sceneViewState":{"showFog":true,"showMaterialUpdate":false,"showSkybox":false,"showFlares":true,"showImageEffects":true,"showParticleSystems":true,"showVisualEffectGraphs":true,"m_FxEnabled":true},"in2DMode":false,"pivot":{"x":1.0798081159591675,"y":-2.9674158096313478,"z":2.437878131866455},"rotation":{"x":-0.3455260396003723,"y":-0.0022596006747335197,"z":0.0008224131888709962,"w":-0.9383789300918579},"size":5.429914951324463,"orthographic":false}