{"cameraMode":{"drawMode":0,"name":"Shaded","section":"Shading Mode"},"sceneLighting":false,"audioPlay":false,"sceneViewState":{"showFog":true,"showMaterialUpdate":false,"showSkybox":false,"showFlares":true,"showImageEffects":true,"showParticleSystems":true,"showVisualEffectGraphs":true,"m_FxEnabled":true},"in2DMode":false,"pivot":{"x":1.5409514904022217,"y":-2.7812294960021974,"z":-5.8745951652526859},"rotation":{"x":-0.25833725929260256,"y":-0.005222588311880827,"z":0.0013843142660334707,"w":-0.9660146236419678},"size":5.9181318283081059,"orthographic":false}